{
  "label": "Carbon / Health / Heat",
  "keywords": [
    "carbon",
    "health",
    "heat",
    "energy",
    "emissions",
    "radiation",
    "learn",
    "technology"
  ],
  "size": 186,
  "docs": [
    "Carbon pricing assigns a cost to emissions to incentivize cleaner alternatives.",
    "Carbon capture technology removes CO2 from the atmosphere or industrial emissions.",
    "Climate refugees are being displaced by rising seas and extreme heat.",
    "Deforestation releases stored carbon and reduces the planet's carbon-absorbing capacity.",
    "Radiotherapy destroys cancer cells by focusing ionizing radiation on tumors."
  ],
  "centroid": [
    0.004726615734398365,
    0.002104151528328657,
    0.003212571842595935,
    0.0,
    0.0,
    0.005215014796704054,
    0.0021060577128082514,
    0.0070984554477036,
    0.006089973263442516,
    0.0027670597191900015,
    0.006332450546324253,
    0.0,
    0.005231058225035667,
    0.0,
    0.003704170463606715,
    0.006298119202256203,
    0.008424470201134682,
    0.0,
    0.0,
    0.0033235822338610888,
    0.006394706666469574,
    0.01257629320025444,
    0.005495312623679638,
    0.011507956311106682,
    0.0046393475495278835,
    0.004948602989315987,
    0.0,
    0.005611476022750139,
    0.0031040336471050978,
    0.007234704215079546,
    0.00397662166506052,
    0.0,
    0.0032561917323619127,
    0.004745955113321543,
    0.007310094311833382,
    0.0,
    0.00659855967387557,
    0.0024287740234285593,
    0.006770323496311903,
    0.0045175859704613686,
    0.007835431955754757,
    0.0049012331292033195,
    0.005697709042578936,
    0.007830276153981686,
    0.010111543349921703,
    0.005426867865025997,
    0.005463830661028624,
    0.004213008098304272,
    0.017112653702497482,
    0.0040833898819983006,
    0.0,
    0.006309955846518278,
    0.0,
    0.004948734771460295,
    0.006877318490296602,
    0.011558763682842255,
    0.004376760218292475,
    0.004106174688786268,
    0.0016774004325270653,
    0.002057783305644989,
    0.001929151127114892,
    0.0044176033698022366,
    0.005743646994233131,
    0.004771774634718895,
    0.005385119933634996,
    0.009076644666492939,
    0.005777514073997736,
    0.0037392342928797007,
    0.0037392342928797007,
    0.014658530242741108,
    0.004606760572642088,
    0.0,
    0.0,
    0.003198089776560664,
    0.0028233188204467297,
    0.005485357716679573,
    0.00481199799105525,
    0.005004460923373699,
    0.0,
    0.005607603117823601,
    0.0,
    0.0,
    0.002757974900305271,
    0.007094698026776314,
    0.002473045140504837,
    0.0024926119949668646,
    0.0,
    0.0047649503685534,
    0.002757974900305271,
    0.007054328918457031,
    0.0,
    0.004376760218292475,
    0.004376760218292475,
    0.006999738980084658,
    0.005376344081014395,
    0.005393361672759056,
    0.007033091504126787,
    0.004581206478178501,
    0.0026881720405071974,
    0.0040833898819983006,
    0.0051504867151379585,
    0.003198089776560664,
    0.005322728306055069,
    0.0,
    0.0031040336471050978,
    0.0039003659039735794,
    0.005168267525732517,
    0.0048388163559138775,
    0.005690701771527529,
    0.0047250003553926945,
    0.0027696574106812477,
    0.0,
    0.0050345552153885365,
    0.005528257694095373,
    0.0052897874265909195,
    0.004463795572519302,
    0.008159024640917778,
    0.0037392342928797007,
    0.006454281974583864,
    0.013393882662057877,
    0.008585255593061447,
    0.002757974900305271,
    0.008410010486841202,
    0.004690250381827354,
    0.009639258496463299,
    0.0049669803120195866,
    0.0039003659039735794,
    0.008038236759603024,
    0.004839158151298761,
    0.002057783305644989,
    0.005376344081014395,
    0.011730940081179142,
    0.002557160332798958,
    0.0026881720405071974,
    0.0,
    0.005332705099135637,
    0.002757974900305271,
    0.0028958474285900593,
    0.0038016492035239935,
    0.008174995891749859,
    0.0027224028017371893,
    0.0026022945530712605,
    0.0045175859704613686,
    0.005239199381321669,
    0.0022126450203359127,
    0.009089121595025063,
    0.0,
    0.004858306143432856,
    0.002907038666307926,
    0.0039003659039735794,
    0.003198089776560664,
    0.00813200417906046,
    0.004804678726941347,
    0.004858306143432856,
    0.004692580550909042,
    0.004692580550909042,
    0.005652022082358599,
    0.006869141943752766,
    0.002281655790284276,
    0.0,
    0.007131613790988922,
    0.005017581861466169,
    0.0027224028017371893,
    0.0032314425334334373,
    0.007099962327629328,
    0.007144146598875523,
    0.0,
    0.0070984554477036,
    0.006736786104738712,
    0.006363516207784414,
    0.004492968786507845,
    0.0024287740234285593,
    0.006666684523224831,
    0.005376344081014395,
    0.009276709519326687,
    0.005873690824955702,
    0.004587990697473288,
    0.004587990697473288,
    0.008533419109880924,
    0.006748427636921406,
    0.011154801584780216,
    0.016544582322239876,
    0.005445380229502916,
    0.005332705099135637,
    0.00397851224988699,
    0.004488813690841198,
    0.009409795515239239,
    0.0052139670588076115,
    0.0,
    0.0023989041801542044,
    0.0,
    0.007594054564833641,
    0.004419270437210798,
    0.005057840142399073,
    0.00441295700147748,
    0.002258222782984376,
    0.010548009537160397,
    0.006375791039317846,
    0.0052343737334012985,
    0.0028826843481510878,
    0.0024043740704655647,
    0.0032129306346178055,
    0.00476686330512166,
    0.006524052005261183,
    0.005017581861466169,
    0.0060044932179152966,
    0.0,
    0.006905682850629091,
    0.002057783305644989,
    0.002057783305644989,
    0.0032561917323619127,
    0.006575662177056074,
    0.0,
    0.0,
    0.0,
    0.00393722066655755,
    0.009220847859978676,
    0.01041225716471672,
    0.005380010232329369,
    0.007702014874666929,
    0.005792205687612295,
    0.007644501980394125,
    0.004316987469792366,
    0.0,
    0.005737537983804941,
    0.00762306759133935,
    0.010094542056322098,
    0.006435223389416933,
    0.004190531559288502,
    0.005497141741216183,
    0.005334826651960611,
    0.002757974900305271,
    0.0019664850551635027,
    0.004971113055944443,
    0.007842281833291054,
    0.007367478683590889,
    0.0,
    0.0,
    0.005967746954411268,
    0.004294771235436201,
    0.004294771235436201,
    0.002447300823405385,
    0.005211906973272562,
    0.004365572240203619,
    0.004365572240203619,
    0.005376344081014395,
    0.002258222782984376,
    0.0,
    0.0,
    0.0,
    0.002089595189318061,
    0.005231058225035667,
    0.0021915233228355646,
    0.006339716725051403,
    0.0,
    0.0,
    0.0,
    0.002241124166175723,
    0.0,
    0.0021593805868178606,
    0.0023100131656974554,
    0.004326147958636284,
    0.0060044932179152966,
    0.003215107135474682,
    0.007245230954140425,
    0.005123274866491556,
    0.0,
    0.002453932072967291,
    0.002088594250380993,
    0.0,
    0.0,
    0.0,
    0.00789366103708744,
    0.0,
    0.0,
    0.004828460514545441,
    0.00432966835796833,
    0.0027696574106812477,
    0.0047002313658595085,
    0.003304780460894108,
    0.0021185558289289474,
    0.005258837249130011,
    0.005982588045299053,
    0.008677523583173752,
    0.0,
    0.0,
    0.002089595189318061,
    0.0,
    0.009197249077260494,
    0.003321060910820961,
    0.005376344081014395,
    0.0028358553536236286,
    0.0,
    0.0,
    0.005515949800610542,
    0.0,
    0.002113211899995804,
    0.0027696574106812477,
    0.0039003659039735794,
    0.0027161973994225264,
    0.005811457987874746,
    0.005263414233922958,
    0.005223753862082958,
    0.012426832690834999,
    0.013349635526537895,
    0.005410575307905674,
    0.005681762937456369,
    0.0046709938906133175,
    0.002785193035379052,
    0.001929151127114892,
    0.0,
    0.008832870051264763,
    0.007644722703844309,
    0.0028590322472155094,
    0.0021060577128082514,
